{
 "scheme": "pureclip",
 "seeds": 3,
 "batch_rbp": 40,
 "steps": 250,
 "K": 68,
 "cells": {
  "xattn-bce": {
   "n2_real": 0.5135115523826921,
   "n2_perm": 0.49778693902791543,
   "gap": 0.015724613354776706,
   "gap_std": 0.004125052653747993,
   "n_test_rbp": 68
  },
  "xattn-bidir": {
   "n2_real": 0.6329759908820961,
   "n2_perm": 0.4965553139830637,
   "gap": 0.13642067689903237,
   "gap_std": 0.013034611865517284,
   "n_test_rbp": 68
  },
  "film-bidir": {
   "n2_real": 0.686441547753892,
   "n2_perm": 0.47804845659239215,
   "gap": 0.20839309116149987,
   "gap_std": 0.012153687730775067,
   "n_test_rbp": 68
  },
  "bidir-bidir": {
   "n2_real": 0.6487291656258115,
   "n2_perm": 0.4903501051706692,
   "gap": 0.15837906045514236,
   "gap_std": 0.036311961108171975,
   "n_test_rbp": 68
  }
 }
}