{
 "scheme": "pureclip",
 "seeds": 5,
 "n_train": 25000,
 "n_test": 15000,
 "K": 68,
 "rbps": [
  "AKAP1",
  "AKAP1",
  "CPEB4",
  "CSTF2",
  "FMR1",
  "FUS",
  "FUS",
  "FXR1",
  "FXR2",
  "FXR2",
  "G3BP1",
  "GRSF1",
  "HNRNPA1",
  "HNRNPA1",
  "HNRNPC",
  "HNRNPC",
  "HNRNPK",
  "HNRNPK",
  "HNRNPL",
  "HNRNPL",
  "HNRNPM",
  "HNRNPM",
  "HNRNPU",
  "HNRNPU",
  "IGF2BP1",
  "IGF2BP1",
  "IGF2BP2",
  "IGF2BP3",
  "KHDRBS1",
  "KHSRP",
  "KHSRP",
  "MATR3",
  "MATR3",
  "NONO",
  "PABPC4",
  "PABPN1",
  "PCBP1",
  "PCBP1",
  "PCBP2",
  "PTBP1",
  "PTBP1",
  "PUM1",
  "PUM2",
  "QKI",
  "QKI",
  "RBFOX2",
  "RBFOX2",
  "RBM5",
  "SFPQ",
  "SRSF1",
  "SRSF1",
  "SRSF7",
  "SRSF7",
  "SRSF9",
  "SSB",
  "SSB",
  "SUPV3L1",
  "SUPV3L1",
  "TARDBP",
  "TIA1",
  "TIA1",
  "TIAL1",
  "TRA2A",
  "TRA2A",
  "U2AF2",
  "U2AF2",
  "XPO5",
  "ZRANB2"
 ],
 "conditions": {
  "pooled32": {
   "real": 0.11586337889500573,
   "shuffle": 0.03866359861932688,
   "gap": 0.07719978027567884,
   "gap_std": 0.0033998060776380622,
   "gap_ci95": [
    0.056477355926995806,
    0.10084520461756508
   ],
   "n_better": 66,
   "n_rbp": 68,
   "rmean": [
    0.039120913418455416,
    0.002744260397798912,
    0.0019397487221617035,
    0.1051607872020049,
    0.08670743402892386,
    0.04727089417497092,
    0.10247546512618473,
    0.08986702807887761,
    0.02992746621455562,
    0.08246879285139241,
    0.07678713672942292,
    0.014597535512931132,
    0.23538018933227683,
    0.06924453069962865,
    0.5729153567213595,
    0.38253216844672877,
    0.1381119456490561,
    0.01410135450237265,
    0.36292821735842,
    0.17845665815302414,
    0.2000775906353312,
    0.18156445537769728,
    0.08355071233844784,
    0.2061916887366273,
    0.07206635059844166,
    0.07999491717718696,
    0.07754334188857448,
    0.08106644248867856,
    0.2633548968420155,
    0.07902658309316227,
    0.5226713763690121,
    0.08793148154935979,
    0.09898093029601465,
    0.14198374199282887,
    0.029382879464432205,
    0.05398748833261069,
    0.007933324759519361,
    0.008967280848726947,
    0.22698443361724308,
    0.3525090796204715,
    0.2810949779135824,
    0.06861655336481551,
    0.021654764707946,
    0.1193379702358962,
    0.026101071243064673,
    0.11592630287209738,
    0.045624339927683576,
    0.019339449219194053,
    0.022446872869425726,
    0.15999847819357038,
    0.06335216016215792,
    0.04895787942080594,
    0.029984450401239517,
    0.06051849002060783,
    0.012332487030957923,
    0.0015185819473801333,
    0.02272110636436488,
    0.0015852410041486398,
    0.3577640336182616,
    0.09144731255414945,
    0.1253805266127709,
    0.0461565781548489,
    0.03422474701763746,
    0.07377004893830544,
    0.18437247895913858,
    0.2895189587507455,
    0.06156243805118703,
    0.0048945859574757436
   ],
   "smean": [
    0.015463638419080317,
    0.000856417374508439,
    0.0018740840591238168,
    0.07057170854022773,
    0.06080537484750277,
    0.0288524116125715,
    0.05041910069749215,
    0.045147925076371456,
    0.010600730611507694,
    0.049463306445398744,
    0.03520739453212661,
    0.00837389103150825,
    0.12914790984585117,
    0.03889132465958627,
    0.19482751751080768,
    0.12289800396606257,
    0.020922894388388274,
    0.01891900544168587,
    0.1663385332953931,
    0.04094159853348202,
    0.040653948642224394,
    0.025579302672007132,
    0.03144094611959938,
    0.11103022187845957,
    0.03574796312471369,
    0.03915820267493496,
    0.052062053756744886,
    0.04716752781317945,
    0.07235627738904993,
    0.027240645967830997,
    0.13251588484487048,
    0.02168800030017474,
    0.007484438884632014,
    0.04528651727937848,
    0.015701723997562693,
    0.02749375307722817,
    0.003065655171853774,
    0.0022259488670668738,
    0.0363595655497297,
    0.01957399623750221,
    0.017224482674743014,
    0.015641146060900068,
    0.011492433905108559,
    0.0331247220015222,
    0.005982896734660681,
    0.04913835300672608,
    0.0354792996537836,
    0.011404150985398407,
    0.010914814899035221,
    0.03103591122989387,
    0.018977995202578403,
    0.02430231435679711,
    0.009964947118272342,
    0.029299669917815872,
    0.007129427092851266,
    0.002400457416141678,
    0.00966952031444086,
    0.0010154547545343636,
    0.034696309532560574,
    0.05244488366137799,
    0.07218210899221462,
    0.025744923038158472,
    0.004571165915426419,
    0.0161288822659142,
    0.06333117398473564,
    0.10346785997882782,
    0.024519311883696267,
    0.0034847443986923627
   ]
  },
  "pooledESM": {
   "real": 0.11370817586237775,
   "shuffle": 0.038936463115026625,
   "gap": 0.07477171274735112,
   "gap_std": 0.004450636264327275,
   "gap_ci95": [
    0.05393518908456205,
    0.09826435887631063
   ],
   "n_better": 66,
   "n_rbp": 68,
   "rmean": [
    0.030513413839944825,
    0.002150824009070723,
    0.0018477921383880068,
    0.09807560412357255,
    0.08367351157556696,
    0.04379077015037878,
    0.09708941298550142,
    0.0893564676753816,
    0.027655870591859706,
    0.08051428464180661,
    0.08104114620617466,
    0.0138835374754895,
    0.23155239585610915,
    0.06742919029040997,
    0.5733384890461478,
    0.37498966668178785,
    0.13335218015336628,
    0.015628466036140258,
    0.3505590581217423,
    0.17369600921066125,
    0.19827527635544712,
    0.17678409218190091,
    0.07939355701226161,
    0.20487595245203444,
    0.07660294320277773,
    0.07682462333675869,
    0.07589088370919726,
    0.08178341152248678,
    0.2649556755886705,
    0.07913029067684549,
    0.5172655457577131,
    0.09231078476998139,
    0.09978087460738573,
    0.14470295521455512,
    0.02765531186015253,
    0.05004209371546066,
    0.007433667642004706,
    0.006424557137587872,
    0.2388751638734225,
    0.36275208595605923,
    0.2672480552166146,
    0.053809848352800796,
    0.02088136487725442,
    0.12212622780846383,
    0.02500178074569024,
    0.10684881121265696,
    0.04482836476341253,
    0.01836345521628612,
    0.019922031014495033,
    0.15558012713982614,
    0.05755553174991237,
    0.049161315651951615,
    0.03008341426597374,
    0.05351416098289428,
    0.012769545742247456,
    0.002106852053369268,
    0.0242597720129491,
    0.0012061348662100087,
    0.351241115676077,
    0.07859690964922282,
    0.1166493586352467,
    0.03562037384725174,
    0.05947617380257719,
    0.06804877995790555,
    0.18020253834418865,
    0.28176263712098637,
    0.059265035365788664,
    0.0041284051872302625
   ],