{
 "M1_benefit_by_class": {
  "RRM (single)": [
   33,
   0.091101144818103
  ],
  "KH (single)": [
   16,
   0.07926872946784776
  ],
  "RRM/KH multi": [
   8,
   0.06066157654533433
  ],
  "non-canonical": [
   11,
   0.08241354005963693
  ]
 },
 "M2_benefit_by_class": {
  "RRM (single)": [
   18,
   0.12710563138311803
  ],
  "KH (single)": [
   7,
   0.08159754847796137
  ],
  "RRM/KH multi": [
   4,
   0.11615982366209487
  ],
  "non-canonical": [
   5,
   0.08611952359416315
  ]
 }
}