{
 "0": {
  "honest": 0.115,
  "deranged_mean": -0.04612476790177278,
  "deranged": [
   -0.06008234093627597,
   -0.04623961240335215,
   -0.032052350365690215
  ],
  "drop": 0.16112476790177277
 },
 "2": {
  "honest": 0.387,
  "deranged_mean": 0.029613011702568,
  "deranged": [
   0.044680937835566134,
   0.02551817250284634,
   0.018639924769291525
  ],
  "drop": 0.357386988297432
 },
 "4": {
  "honest": 0.25,
  "deranged_mean": 0.09483405796852877,
  "deranged": [
   0.09133396214748456,
   0.08384415842831654,
   0.10932405332978522
  ],
  "drop": 0.15516594203147122
 }
}
