{
 "per-residue": {
  "real": 0.15765400527725362,
  "gap_fam": 0.024614426959655968,
  "ci": [
   0.008984006089169647,
   0.0428070678866134
  ]
 },
 "BioPWM": {
  "real": 0.030151946694686446,
  "gap_fam": 0.002109215946877996,
  "ci": [
   -0.013280986517987724,
   0.01820647266410136
  ]
 },
 "Form D": {
  "real": 0.09230341274104155,
  "gap_fam": 0.002981669244147451,
  "ci": [
   -0.00875395692801719,
   0.014865096091499863
  ]
 },
 "Form D'": {
  "real": 0.08876554109005681,
  "gap_fam": 0.002496542076233555,
  "ci": [
   -0.00914949465613999,
   0.014291508172862568
  ]
 },
 "perres_aux": {
  "real": 0.16439178867898022,
  "gap_fam": 0.031831309483875435,
  "ci": [
   0.01583217051599319,
   0.050725785874194115
  ]
 },
 "perrespwm": {
  "real": 0.137515833868968,
  "gap_fam": 0.013498944830997476,
  "ci": [
   -0.0009117770288346219,
   0.0292784336865654
  ]
 },
 "occ_footprint": {
  "real": 0.0923358759463904,
  "gap_fam": 0.001541956593991218,
  "ci": [
   -0.015584033897749245,
   0.02101714955066335
  ]
 },
 "motifscan": {
  "real": 0.11022821883526046,
  "gap_fam": 0.013464517475881493,
  "ci": [
   -0.006947545904447111,
   0.03608687629398016
  ]
 }
}