{
 "summary": {
  "tag": "zsdump_K562",
  "sigma": 10.0,
  "n_rbp": 10,
  "full": {
   "mean_real": 0.16206232101245394,
   "gap_shuf": 0.03543298721877858,
   "gap_shuf_ci": [
    0.004781539266522619,
    0.06677322896157657
   ],
   "gap_fam": 0.03492952340483675,
   "gap_fam_ci": [
    0.001930997932496689,
    0.07719033341923781
   ],
   "n_beat": 7,
   "n": 10,
   "binom_p": 0.34375,
   "wilcoxon_p": 0.083984375
  },
  "coarse": {
   "mean_real": 0.30533604976429973,
   "gap_shuf": 0.08852924170822896,
   "gap_shuf_ci": [
    0.0028991678834253028,
    0.17873640775102165
   ],
   "gap_fam": 0.10227463247665136,
   "gap_fam_ci": [
    0.005039185859113823,
    0.2266088769356884
   ],
   "n_beat": 7,
   "n": 10,
   "binom_p": 0.34375,
   "wilcoxon_p": 0.130859375
  },
  "fine": {
   "mean_real": 0.13491840891950296,
   "gap_shuf": 0.023292382594469092,
   "gap_shuf_ci": [
    -1.8476168246212003e-05,
    0.048259305396399964
   ],
   "gap_fam": 0.020230388110835086,
   "gap_fam_ci": [
    0.00031047639943983474,
    0.044672047824804044
   ],
   "n_beat": 7,
   "n": 10,
   "binom_p": 0.34375,
   "wilcoxon_p": 0.130859375
  }
 },
 "rows": [
  {
   "rbp": "AKAP1",
   "family": "KH",
   "n_win": 347,
   "full_real": 0.07902500020344781,
   "full_shuf": 0.08923674397934121,
   "full_fam": 0.047745136296558084,
   "full_gap_shuf": -0.0102117437758934,
   "full_gap_fam": 0.03127986390688973,
   "coarse_real": 0.10064027718452834,
   "coarse_shuf": 0.20476726519812924,
   "coarse_fam": -0.01795362600745307,
   "coarse_gap_shuf": -0.1041269880136009,
   "coarse_gap_fam": 0.1185939031919814,
   "fine_real": 0.07598338793290006,
   "fine_shuf": 0.07341997892011809,
   "fine_fam": 0.05705919558190168,
   "fine_gap_shuf": 0.0025634090127819725,
   "fine_gap_fam": 0.018924192350998383
  },
  {
   "rbp": "CPEB4",
   "family": "RRM",
   "n_win": 234,
   "full_real": 0.11375167739874102,
   "full_shuf": 0.08706707672417983,
   "full_fam": 0.11712137691111454,
   "full_gap_shuf": 0.026684600674561187,
   "full_gap_fam": -0.0033696995123735224,
   "coarse_real": 0.25427596702843824,
   "coarse_shuf": 0.11556109296469055,
   "coarse_fam": 0.2663336106615137,
   "coarse_gap_shuf": 0.1387148740637477,
   "coarse_gap_fam": -0.012057643633075432,
   "fine_real": 0.0970596761671094,
   "fine_shuf": 0.08351342318021465,
   "fine_fam": 0.09974675594154675,
   "fine_gap_shuf": 0.013546252986894741,
   "fine_gap_fam": -0.0026870797744373565
  },
  {
   "rbp": "FMR1",
   "family": "KH",
   "n_win": 378,
   "full_real": 0.20508844586102803,
   "full_shuf": 0.1942522561180845,
   "full_fam": 0.05351827285449925,
   "full_gap_shuf": 0.010836189742943536,
   "full_gap_fam": 0.15157017300652878,
   "coarse_real": 0.4511678341763082,
   "coarse_shuf": 0.331986229470847,
   "coarse_fam": -0.01857623650829282,
   "coarse_gap_shuf": 0.11918160470546119,
   "coarse_gap_fam": 0.469744070684601,
   "fine_real": 0.15169323796106224,
   "fine_shuf": 0.16248704813021062,
   "fine_fam": 0.06320996509259452,
   "fine_gap_shuf": -0.010793810169148377,
   "fine_gap_fam": 0.08848327286846772
  },
  {
   "rbp": "FXR2",
   "family": "KH",
   "n_win": 382,
   "full_real": 0.2119417038500243,
   "full_shuf": 0.15784323224444333,
   "full_fam": 0.05835923303843462,
   "full_gap_shuf": 0.05409847160558098,
   "full_gap_fam": 0.15358247081158968,
   "coarse_real": 0.45971205776985063,
   "coarse_shuf": 0.28399552968493974,
   "coarse_fam": 0.02693274972663578,
   "coarse_gap_shuf": 0.1757165280849109,
   "coarse_gap_fam": 0.43277930804321485,
   "fine_real": 0.15487737197377255,
   "fine_shuf": 0.13522610009504335,
   "fine_fam": 0.06622790816732377,
   "fine_gap_shuf": 0.0196512718787292,
   "fine_gap_fam": 0.08864946380644878
  },
  {
   "rbp": "HNRNPC",
   "family": "RRM",
   "n_win": 2486,
   "full_real": 0.19295139492526908,
   "full_shuf": 0.23495689933438146,
   "full_fam": 0.19670511281693945,
   "full_gap_shuf": -0.04200550440911238,
   "full_gap_fam": -0.003753717891670366,
   "coarse_real": 0.27904443420417685,
   "coarse_shuf": 0.3594889647975885,
   "coarse_fam": 0.28311332937077444,
   "coarse_gap_shuf": -0.08044453059341167,
   "coarse_gap_fam": -0.004068895166597586,
   "fine_real": 0.17735384631982565,
   "fine_shuf": 0.21295549164411287,
   "fine_fam": 0.18247895392967034,
   "fine_gap_shuf": -0.03560164532428722,
   "fine_gap_fam": -0.005125107609844692
  },
  {
   "rbp": "HNRNPK",
   "family": "KH",
   "n_win": 498,
   "full_real": 0.11895195462908802,
   "full_shuf": 0.13188776749033804,
   "full_fam": 0.1221991307465065,
   "full_gap_shuf": -0.01293581286125002,
   "full_gap_fam": -0.003247176117418482,
   "coarse_real": 0.09478719712362392,
   "coarse_shuf": 0.16151377977447035,
   "coarse_fam": 0.13133876717855228,
   "coarse_gap_shuf": -0.06672658265084642,
   "coarse_gap_fam": -0.03655157005492836,
   "fine_real": 0.11997345769555609,
   "fine_shuf": 0.12973981955815658,
   "fine_fam": 0.1233032782039664,
   "fine_gap_shuf": -0.009766361862600492,
   "fine_gap_fam": -0.003329820508410311
  },
  {
   "rbp": "IGF2BP2",
   "family": "KH;RRM",
   "n_win": 509,
   "full_real": 0.21519298396692638,
   "full_shuf": 0.0795563861694065,
   "full_fam": 0.19050109619960875,
   "full_gap_shuf": 0.13563659779751988,
   "full_gap_fam": 0.024691887767317622,
   "coarse_real": 0.46950937213568106,
   "coarse_shuf": 0.2279285913463135,
   "coarse_fam": 0.424292858094596,
   "coarse_gap_shuf": 0.24158078078936757,
   "coarse_gap_fam": 0.045216514041085065,
   "fine_real": 0.16120827786630187,
   "fine_shuf": 0.054081221543689946,
   "fine_fam": 0.13996703641243968,
   "fine_gap_shuf": 0.10712705632261194,
   "fine_gap_fam": 0.021241241453862192
  },
  {
   "rbp": "MATR3",
   "family": "RRM",
   "n_win": 631,
   "full_real": 0.2096769760833654,
   "full_shuf": 0.14442540731900202,
   "full_fam": 0.19284818750610727,
   "full_gap_shuf": 0.06525156876436339,
   "full_gap_fam": 0.01682878857725814,
   "coarse_real": 0.3035665900424338,
   "coarse_shuf": 0.2596590277700109,
   "coarse_fam": 0.26704588901830395,
   "coarse_gap_shuf": 0.04390756227242293,
   "coarse_gap_fam": 0.036520701024129854,
   "fine_real": 0.1965056181202403,
   "fine_shuf": 0.12859627597634737,
   "fine_fam": 0.18342393236075097,
   "fine_gap_shuf": 0.06790934214389294,
   "fine_gap_fam": 0.013081685759489342
  },
  {
   "rbp": "PUM1",
   "family": "PUF",
   "n_win": 429,
   "full_real": 0.15752699021315136,
   "full_shuf": 0.06205104348574828,
   "full_fam": 0.1758143467129054,
   "full_gap_shuf": 0.09547594672740309,
   "full_gap_fam": -0.01828735649975405,
   "coarse_real": 0.37034145338250174,
   "coarse_shuf": -0.01607466495397304,
   "coarse_fam": 0.397771516746399,
   "coarse_gap_shuf": 0.38641611833647477,
   "coarse_gap_fam": -0.02743006336389725,
   "fine_real": 0.12174683861453257,
   "fine_shuf": 0.07251937434889645,
   "fine_fam": 0.13868080585275577,
   "fine_gap_shuf": 0.04922746426563612,
   "fine_gap_fam": -0.0169339672382232
  },
  {
   "rbp": "SSB",
   "family": "LA;RRM",
   "n_win": 106,
   "full_real": 0.11651608299349768,
   "full_shuf": 0.08501652507182816,
   "full_fam": 0.11651608299349768,
   "full_gap_shuf": 0.031499557921669516,
   "full_gap_fam": 0.0,
   "coarse_real": 0.270315314595455,
   "coarse_shuf": 0.23924226450769145,
   "coarse_fam": 0.270315314595455,
   "coarse_gap_shuf": 0.031073050087763537,
   "coarse_gap_fam": 0.0,
   "fine_real": 0.0927823765437288,
   "fine_shuf": 0.0637215298535487,
   "fine_fam": 0.0927823765437288,
   "fine_gap_shuf": 0.029060846690180095,
   "fine_gap_fam": 0.0
  }
 ]
}