{
 "summary": {
  "tag": "zsdump_HepG2",
  "sigma": 10.0,
  "n_rbp": 10,
  "full": {
   "mean_real": 0.14020302696404413,
   "gap_shuf": 0.05155422359326346,
   "gap_shuf_ci": [
    0.02106578314657946,
    0.07643135611610911
   ],
   "gap_fam": 0.03124011476355436,
   "gap_fam_ci": [
    -0.014784514276837408,
    0.08678170431210834
   ],
   "n_beat": 8,
   "n": 10,
   "binom_p": 0.109375,
   "wilcoxon_p": 0.01953125
  },
  "coarse": {
   "mean_real": 0.2850620543734717,
   "gap_shuf": 0.1345027980765589,
   "gap_shuf_ci": [
    0.050004472475225124,
    0.22574600735441672
   ],
   "gap_fam": 0.03883842201796747,
   "gap_fam_ci": [
    -0.028256798695543112,
    0.10813521833589389
   ],
   "n_beat": 9,
   "n": 10,
   "binom_p": 0.021484375,
   "wilcoxon_p": 0.01953125
  },
  "fine": {
   "mean_real": 0.1176801963281382,
   "gap_shuf": 0.0377549524684566,
   "gap_shuf_ci": [
    0.012640647604544308,
    0.06045359379148658
   ],
   "gap_fam": 0.030719091103850522,
   "gap_fam_ci": [
    -0.01155381246883754,
    0.08356056476785453
   ],
   "n_beat": 8,
   "n": 10,
   "binom_p": 0.109375,
   "wilcoxon_p": 0.02734375
  }
 },
 "rows": [
  {
   "rbp": "AKAP1",
   "family": "KH",
   "n_win": 394,
   "full_real": 0.11011619734753492,
   "full_shuf": 0.06174088171119273,
   "full_fam": 0.11054977003368549,
   "full_gap_shuf": 0.04837531563634219,
   "full_gap_fam": -0.000433572686150574,
   "coarse_real": 0.2647163869513908,
   "coarse_shuf": 0.15714144487861995,
   "coarse_fam": 0.2511459235617156,
   "coarse_gap_shuf": 0.10757494207277088,
   "coarse_gap_fam": 0.013570463389675214,
   "fine_real": 0.09312288110377802,
   "fine_shuf": 0.052325786125237174,
   "fine_fam": 0.09672372176290539,
   "fine_gap_shuf": 0.040797094978540845,
   "fine_gap_fam": -0.0036008406591273717
  },
  {
   "rbp": "CSTF2",
   "family": "RRM",
   "n_win": 609,
   "full_real": 0.13119397998569735,
   "full_shuf": 0.09986390976935698,
   "full_fam": 0.2267566197107822,
   "full_gap_shuf": 0.031330070216340364,
   "full_gap_fam": -0.09556263972508486,
   "coarse_real": 0.3200616811539998,
   "coarse_shuf": 0.15329906764678988,
   "coarse_fam": 0.4972731091326108,
   "coarse_gap_shuf": 0.16676261350720992,
   "coarse_gap_fam": -0.177211427978611,
   "fine_real": 0.10164117392536692,
   "fine_shuf": 0.09237936046690122,
   "fine_fam": 0.17466724669431577,
   "fine_gap_shuf": 0.009261813458465704,
   "fine_gap_fam": -0.07302607276894885
  },
  {
   "rbp": "FUS",
   "family": "RRM",
   "n_win": 1015,
   "full_real": 0.1528962222698117,
   "full_shuf": 0.055574274856598334,
   "full_fam": 0.10043126397073415,
   "full_gap_shuf": 0.09732194741321337,
   "full_gap_fam": 0.052464958299077546,
   "coarse_real": 0.3117830408400146,
   "coarse_shuf": 0.14801266666367996,
   "coarse_fam": 0.24935298145397916,
   "coarse_gap_shuf": 0.16377037417633467,
   "coarse_gap_fam": 0.062430059386035464,
   "fine_real": 0.13480092226463086,
   "fine_shuf": 0.04067257467868291,
   "fine_fam": 0.0823687132049051,
   "fine_gap_shuf": 0.09412834758594796,
   "fine_gap_fam": 0.05243220905972576
  },
  {
   "rbp": "GRSF1",
   "family": "RRM",
   "n_win": 223,
   "full_real": 0.10292112110289661,
   "full_shuf": 0.15259014365509688,
   "full_fam": 0.09336761972478227,
   "full_gap_shuf": -0.049669022552200265,
   "full_gap_fam": 0.009553501378114337,
   "coarse_real": 0.2304117201610365,
   "coarse_shuf": 0.3189198966293628,
   "coarse_fam": 0.15204459163282913,
   "coarse_gap_shuf": -0.08850817646832632,
   "coarse_gap_fam": 0.07836712852820737,
   "fine_real": 0.0890167764363243,
   "fine_shuf": 0.13301653644374795,
   "fine_fam": 0.08907818836260276,
   "fine_gap_shuf": -0.043999760007423644,
   "fine_gap_fam": -6.141192627845404e-05
  },
  {
   "rbp": "HNRNPC",
   "family": "RRM",
   "n_win": 1293,
   "full_real": 0.2671178536538585,
   "full_shuf": 0.19678092053174612,
   "full_fam": 0.017732880912360544,
   "full_gap_shuf": 0.07033693312211237,
   "full_gap_fam": 0.24938497274149793,
   "coarse_real": 0.34439935699038043,
   "coarse_shuf": 0.2644813784415806,
   "coarse_fam": 0.049774092978220455,
   "coarse_gap_shuf": 0.07991797854879984,
   "coarse_gap_fam": 0.29462526401216,
   "fine_real": 0.25037244156688915,
   "fine_shuf": 0.1842309965713777,
   "fine_fam": 0.008512075528914642,
   "fine_gap_shuf": 0.06614144499551144,
   "fine_gap_fam": 0.2418603660379745
  },
  {
   "rbp": "HNRNPK",
   "family": "KH",
   "n_win": 448,
   "full_real": 0.08764976377876467,
   "full_shuf": 0.08817390560216154,
   "full_fam": 0.012345221527214432,
   "full_gap_shuf": -0.0005241418233968703,
   "full_gap_fam": 0.07530454225155024,
   "coarse_real": 0.11737648985127792,
   "coarse_shuf": 0.07333351246366572,
   "coarse_fam": 0.01926306490040457,
   "coarse_gap_shuf": 0.0440429773876122,
   "coarse_gap_fam": 0.09811342495087336,
   "fine_real": 0.0856096151556585,
   "fine_shuf": 0.09023555303186799,
   "fine_fam": 0.016712596091425617,
   "fine_gap_shuf": -0.0046259378762094905,
   "fine_gap_fam": 0.06889701906423289
  },
  {
   "rbp": "IGF2BP3",
   "family": "KH;RRM",
   "n_win": 420,
   "full_real": 0.20587664784675108,
   "full_shuf": 0.10999689723622785,
   "full_fam": 0.19998753323466406,
   "full_gap_shuf": 0.09587975061052323,
   "full_gap_fam": 0.005889114612087021,
   "coarse_real": 0.5041240536366575,
   "coarse_shuf": 0.11811562038533875,
   "coarse_fam": 0.4959503883213135,
   "coarse_gap_shuf": 0.3860084332513187,
   "coarse_gap_fam": 0.00817366531534397,
   "fine_real": 0.14257340325857584,
   "fine_shuf": 0.10945337734429918,
   "fine_fam": 0.13615385520888001,
   "fine_gap_shuf": 0.033120025914276666,
   "fine_gap_fam": 0.006419548049695828
  },
  {
   "rbp": "PABPN1",
   "family": "RRM",
   "n_win": 494,
   "full_real": 0.11901173015822174,
   "full_shuf": 0.013617091889158002,
   "full_fam": 0.07645506639760298,
   "full_gap_shuf": 0.10539463826906373,
   "full_gap_fam": 0.04255666376061876,
   "coarse_real": 0.29301222048454273,
   "coarse_shuf": -0.11824881454820002,
   "coarse_fam": 0.22087547752087178,
   "coarse_gap_shuf": 0.41126103503274275,
   "coarse_gap_fam": 0.07213674296367095,
   "fine_real": 0.08957982776599217,
   "fine_shuf": 0.03317375673667275,
   "fine_fam": 0.05128794404031081,
   "fine_gap_shuf": 0.056406071029319424,
   "fine_gap_fam": 0.03829188372568136
  },
  {
   "rbp": "RBFOX2",
   "family": "RRM",
   "n_win": 432,
   "full_real": 0.107836300288707,
   "full_shuf": 0.05758682526087527,
   "full_fam": 0.13459269328487372,
   "full_gap_shuf": 0.05024947502783173,
   "full_gap_fam": -0.026756392996166722,
   "coarse_real": 0.2726061597257236,
   "coarse_shuf": 0.2177325623689189,
   "coarse_fam": 0.3344272601134042,
   "coarse_gap_shuf": 0.05487359735680469,
   "coarse_gap_fam": -0.06182110038768057,
   "fine_real": 0.08140952990474745,
   "fine_shuf": 0.034661224940640244,
   "fine_fam": 0.10543131944919791,
   "fine_gap_shuf": 0.04674830496410721,
   "fine_gap_fam": -0.02402178954445046
  },
  {
   "rbp": "SSB",
   "family": "LA;RRM",
   "n_win": 672,
   "full_real": 0.11741045320819748,
   "full_shuf": 0.050563183195392755,
   "full_fam": 0.11741045320819748,
   "full_gap_shuf": 0.06684727001280473,
   "full_gap_fam": 0.0,
   "coarse_real": 0.19212943393969326,
   "coarse_shuf": 0.1728052280393717,
   "coarse_fam": 0.19212943393969326,
   "coarse_gap_shuf": 0.01932420590032155,
   "coarse_gap_fam": 0.0,
   "fine_real": 0.10867539189941876,
   "fine_shuf": 0.029103272257388863,
   "fine_fam": 0.10867539189941876,
   "fine_gap_shuf": 0.0795721196420299,
   "fine_gap_fam": 0.0
  }
 ]
}