Accuracy,F1,MCC,Recall,Precision,Specificity,Fold,Epoch
0.7595961153075381,0.7712504583791713,0.5219087412696459,0.8105441652535841,0.7355903749300504,0.7086480653614922,0,0
0.8372899645444736,0.8355022208369048,0.6747393362280099,0.8264220749190689,0.8447841159785692,0.8481578541698782,0,1
0.8465392323107754,0.8433393658037611,0.6936574936539666,0.8261137659935255,0.8612986178077788,0.8669646986280253,0,2
0.8514721751194697,0.8485658153241651,0.7034627706333154,0.8322799445043934,0.8655017633857005,0.8706644057345461,0,3
