Accuracy,F1,MCC,Recall,Precision,Specificity,Fold,Epoch
0.7311724372414574,0.7375380359612724,0.46288976472439786,0.7554258514195047,0.7204777603631843,0.7069190230634103,0,0
0.8011276704255681,0.8010318337727131,0.6022556203030176,0.8006460021533405,0.8014180374361883,0.8016093386977957,0,1
0.8370827902759675,0.8371842790803036,0.6741661044426203,0.8377061256870856,0.8366630822344219,0.8364594548648495,0,2
0.8464328214427381,0.8461101646791596,0.6928717346965566,0.8443361477871593,0.8478916519660843,0.848529495098317,0,3
