Accuracy,F1,MCC,Recall,Precision,Specificity,Fold,Epoch
0.7171865803413773,0.7288119650079955,0.43597850798315096,0.7600549342750638,0.7000361402240693,0.6743182264076908,0,0
0.78080243280361,0.7778274919214516,0.5618063635345504,0.7674122032568177,0.788529382118738,0.7941926623504022,0,1
0.8414753776731411,0.8427709671142246,0.6830435188568174,0.8497155189327055,0.8359390079135302,0.8332352364135767,0,2
0.8554051402785953,0.8566008366572624,0.7109091410759716,0.8637433784579164,0.8495754534928599,0.847066902099274,0,3
